{"options":{},"indexes":[{"v":{"$numberInt":"2"},"key":{"_id":{"$numberInt":"1"}},"name":"_id_","ns":"sample_mflix.movies"},{"v":{"$numberInt":"2"},"key":{"_fts":"text","_ftsx":{"$numberInt":"1"}},"name":"cast_text_fullplot_text_genres_text_title_text","language_override":"language","ns":"sample_mflix.movies","weights":{"cast":{"$numberInt":"1"},"fullplot":{"$numberInt":"1"},"genres":{"$numberInt":"1"},"title":{"$numberInt":"1"}},"default_language":"english","textIndexVersion":{"$numberInt":"3"}}],"uuid":"c0841c55b3b2486880009e71d2cf8cdf"}