{"options":{},"indexes":[{"v":{"$numberInt":"2"},"key":{"_id":{"$numberInt":"1"}},"name":"_id_","ns":"sample_airbnb.listingsAndReviews"},{"v":{"$numberInt":"2"},"key":{"property_type":{"$numberInt":"1"},"room_type":{"$numberInt":"1"},"beds":{"$numberInt":"1"}},"name":"property_type_1_room_type_1_beds_1","background":true,"ns":"sample_airbnb.listingsAndReviews"},{"v":{"$numberInt":"2"},"key":{"name":{"$numberInt":"1"}},"name":"name_1","ns":"sample_airbnb.listingsAndReviews","background":true},{"v":{"$numberInt":"2"},"key":{"address.location":"2dsphere"},"name":"address.location_2dsphere","2dsphereIndexVersion":{"$numberInt":"3"},"ns":"sample_airbnb.listingsAndReviews","background":true}],"uuid":"f0e13083e06448459b2d5afc2935d240"}